Naziv poslovnog subjekta,Mjesto,NKD2007,Opis šifre djelatnosti,Broj zaposlenih (sati rada),Dobit/gubitak razdoblja,Kapital i rezerve,Ukupan prihod
HRVATSKI TELEKOM D.D.,ZAGREB,6110,Djelatnosti žičane telekomunikacije,3653,841.265.804,12.274.045.213,6.265.933.192
VIPNET D.O.O.,ZAGREB,6120,Djelatnosti bežične telekomunikacije,1362,56.084.658,898.969.544,3.182.633.718
VIPNET USLUGE D.O.O.,ZAGREB,6120,Djelatnosti bežične telekomunikacije,72,51.994.178,358.475.768,130.827.093
HEWLETT PACKARD D.O.O.,ZAGREB,6202,Savjetovanje u vezi s računalima,69,36.063.456,52.176.975,121.008.923
MERCURY PROCESSING SERVICES INTERNATIONAL D.O.O.,ZAGREB - TRNJE,6311,"Obrada podataka, usluge poslužitelja i djelatnosti povezane s njima",210,34.306.192,312.734.095,255.696.633
ODAŠILJAČI I VEZE D.O.O.,ZAGREB,6120,Djelatnosti bežične telekomunikacije,291,31.249.205,326.604.784,221.542.985
MANAS D.O.O.,SPLIT,6201,Računalno programiranje,82,25.859.632,80.779.445,49.911.938
CROZ D.O.O.,ZAGREB,6201,Računalno programiranje,175,25.126.259,34.347.696,128.712.120
KING ICT D.O.O.,ZAGREB,6201,Računalno programiranje,308,23.426.751,98.036.621,625.785.704
COMBIS D.O.O.,ZAGREB,6203,Upravljanje računalnom opremom i sustavom,366,22.335.226,157.072.961,644.982.348
ASSECO SEE D.O.O.,ZAGREB,6201,Računalno programiranje,238,19.861.055,21.684.704,167.863.153
COMPING KOMPJUTORSKI INŽENJERING D.O.O.,ZAGREB,6203,Upravljanje računalnom opremom i sustavom,87,15.515.029,24.617.952,206.750.517
ERSTE GROUP CARD PROCESSOR D.O.O.,ZAGREB,6201,Računalno programiranje,123,14.899.716,130.628.037,102.028.202
SEDAM IT D.O.O.,ZAGREB,6209,Ostale uslužne djelatnosti u vezi s informacijskom tehnologijom i računalima,95,14.855.541,20.775.530,119.589.192
TAU ON-LINE D.O.O.,ZAGREB,6201,Računalno programiranje,53,13.587.552,13.947.552,35.342.707
TERMINALNI POSLOVI D.O.O.,ŠKRLJEVO,6201,Računalno programiranje,13,13.221.674,17.841.674,21.650.111
CABALLUS NET D.O.O.,LEĆEVICA/RADOŠIĆ,6120,Djelatnosti bežične telekomunikacije,4,10.579.197,4.902.615,20.725.381
CROATEL D.O.O.,ZAGREB,6120,Djelatnosti bežične telekomunikacije,70,10.459.247,38.119.246,43.220.223
INFINUM D.O.O.,KARLOVAC,6201,Računalno programiranje,79,9.218.265,16.483.041,31.433.612
SPAN D.O.O.,ZAGREB,6201,Računalno programiranje,300,8.864.768,52.534.005,323.442.489
MONO D.O.O.,OSIJEK,6201,Računalno programiranje,42,8.844.595,29.158.133,21.265.383
MICROSOFT HRVATSKA D.O.O.,ZAGREB,6209,Ostale uslužne djelatnosti u vezi s informacijskom tehnologijom i računalima,53,8.476.331,28.858.655,111.010.642
MICROBLINK D.O.O.,ZAGREB,6201,Računalno programiranje,19,7.842.634,12.557.774,18.547.664
PHOBS D.O.O.,DUBROVNIK,6209,Ostale uslužne djelatnosti u vezi s informacijskom tehnologijom i računalima,21,7.590.550,7.820.011,16.395.296
OMEGA SOFTWARE D.O.O.,ZAGREB,6201,Računalno programiranje,80,6.788.089,25.575.127,37.716.030
MULTICOM D.O.O.,ZAGREB,6209,Ostale uslužne djelatnosti u vezi s informacijskom tehnologijom i računalima,54,6.617.910,26.494.847,35.563.442
NORT D.O.O.,ZAGREB,6201,Računalno programiranje,8,6.304.922,31.284.444,21.058.940
ADCON D.O.O.,OSIJEK,6201,Računalno programiranje,29,6.225.115,10.286.020,16.994.801
ENT. SERVICES ZAGREB D.O.O. ZA RAČUNALNE I SRODNE DJELATNOSTI,ZAGREB,6209,Ostale uslužne djelatnosti u vezi s informacijskom tehnologijom i računalima,2,6.140.116,54.766.116,16.295.755
DANIELI SYSTEC D.O.O.,LABIN,6201,Računalno programiranje,236,6.131.209,38.115.209,123.430.390
404 D.O.O.,ZAGREB - MAKSIMIR,6201,Računalno programiranje,43,6.076.582,8.984.801,40.127.495
INFOBIP D.O.O.,VODNJAN,6311,"Obrada podataka, usluge poslužitelja i djelatnosti povezane s njima",468,5.803.178,28.798.050,139.689.103
APIS IT D.O.O.,ZAGREB,6201,Računalno programiranje,375,5.532.958,326.933.363,209.309.463
VELIKI ROBOT D.O.O.,ZAGREB,6201,Računalno programiranje,1,5.387.578,5.824.217,7.157.498
ALTIMA D.O.O.,ZAGREB,6201,Računalno programiranje,53,5.360.022,12.520.328,46.779.015
HASHCODE D.O.O.,ZAGREB,6201,Računalno programiranje,16,5.234.794,7.314.794,11.898.271
I.S. D.O.O.,ZAGREB,6201,Računalno programiranje,7,5.057.307,5.177.307,9.472.500
ALTIORA D.O.O.,ZAGREB,6311,"Obrada podataka, usluge poslužitelja i djelatnosti povezane s njima",9,4.877.363,9.082.209,24.745.091
SYSKIT D.O.O.,ZAGREB,6201,Računalno programiranje,27,4.861.010,8.254.083,16.396.737
SPIN D.O.O. OSIJEK,OSIJEK,6201,Računalno programiranje,48,4.838.217,16.813.361,18.536.251
MEDIA-SOFT D.O.O.,ČAKOVEC,6201,Računalno programiranje,20,4.714.110,15.483.196,11.301.770
PET MINUTA D.O.O.,ZAGREB,6201,Računalno programiranje,70,4.508.457,16.211.896,40.667.551
C.M.G.C. D.O.O.,PULA,6209,Ostale uslužne djelatnosti u vezi s informacijskom tehnologijom i računalima,70,4.464.312,6.060.657,25.510.756
INFIGO IS D.O.O.,SAMOBOR,6209,Ostale uslužne djelatnosti u vezi s informacijskom tehnologijom i računalima,23,4.389.449,10.397.476,22.620.436
BILOG D.O.O.,ZAGREB,6201,Računalno programiranje,30,4.370.442,7.491.677,16.168.776
MOCIRA IT D.O.O.,VARAŽDIN,6190,Ostale telekomunikacijske djelatnosti,10,4.082.396,4.152.635,7.822.511
MREŽNE TEHNOLOGIJE VERSO D.O.O.,ZAGREB,6202,Savjetovanje u vezi s računalima,32,4.070.327,21.292.265,64.019.381
IGEA D.O.O.,VARAŽDIN,6201,Računalno programiranje,52,3.907.529,21.107.529,24.160.501
TVC INFO D.O.O.,ZAGREB,6201,Računalno programiranje,18,3.877.048,7.223.779,49.960.406
ZMS INFO D.O.O.,ZAGREB,6201,Računalno programiranje,16,3.819.575,4.768.552,13.719.130
EMOVIS TEHNOLOGIJE D.O.O.,SPLIT,6201,Računalno programiranje,45,3.690.198,10.129.414,25.331.421
AXILIS D.O.O.,BREGANA,6201,Računalno programiranje,17,3.567.107,4.253.006,9.260.352
SOFA IT D.O.O.,"JASTREBARSKO, KLINČA SELA",6201,Računalno programiranje,18,3.522.598,3.894.357,9.092.726
KROBEL PROMET D.O.O.,ĐURMANEC,6209,Ostale uslužne djelatnosti u vezi s informacijskom tehnologijom i računalima,18,3.508.382,13.325.617,23.422.855
ECX.IO CROATIA D.O.O.,VARAŽDIN,6201,Računalno programiranje,23,3.430.707,5.697.406,19.013.009
GDI TECHNOLOGY PLATFORMS D.O.O.,ZAGREB,6201,Računalno programiranje,3,3.350.725,16.340.583,20.389.397
ECCOS-INŽENJERING D.O.O.,ZAGREB,6203,Upravljanje računalnom opremom i sustavom,101,3.286.959,11.387.967,79.210.034
AMPHINICY D.O.O.,ZAGREB,6201,Računalno programiranje,37,3.213.715,10.627.007,15.604.415
TOMSOFT D.O.O.,ZAGREB,6201,Računalno programiranje,25,3.210.115,10.316.948,10.897.141
NEOS D.O.O.,ZAGREB,6201,Računalno programiranje,47,3.055.491,626.556,40.961.739
NEOS D.O.O.,ZAGREB,6201,Računalno programiranje,47,3.055.491,5.423.089,40.961.739
IT SISTEMI- NOVE TEHNOLOGIJE D.O.O.,SPLIT,6202,Savjetovanje u vezi s računalima,43,3.013.520,7.239.659,19.561.096
ALFA NET D.O.O.,ZAGREB,6209,Ostale uslužne djelatnosti u vezi s informacijskom tehnologijom i računalima,14,3.009.219,24.773.701,21.229.839
KOD SAVJETOVANJE D.O.O.,VUKOVAR,6202,Savjetovanje u vezi s računalima,21,2.996.444,3.016.445,11.693.784
IN2 D.O.O.,ZAGREB,6201,Računalno programiranje,361,2.966.775,23.557.287,165.613.788
GLOBALDIZAJN D.O.O.,ZAGREB,6201,Računalno programiranje,27,2.940.077,5.389.013,9.833.479
LIBUSOFT CICOM D.O.O.,ZAGREB,6201,Računalno programiranje,112,2.923.982,4.398.450,31.686.580
INFOART D.O.O.,ZAGREB,6201,Računalno programiranje,38,2.911.667,5.712.508,13.677.732
BULB D.O.O.,ZAGREB,6201,Računalno programiranje,45,2.896.316,20.546.925,18.134.963
INTRALOT ADRIATIC D.O.O.,ZAGREB,6209,Ostale uslužne djelatnosti u vezi s informacijskom tehnologijom i računalima,4,2.888.861,3.804.460,14.055.105
RAO D.O.O.,ZAGREB,6201,Računalno programiranje,18,2.848.173,3.848.173,9.225.837
INTEGRACIJA OD DO D.O.O.,ZAGREB,6202,Savjetovanje u vezi s računalima,37,2.827.444,12.005.945,19.555.976
TRIKODER D.O.O.,ZAGREB,6201,Računalno programiranje,49,2.805.228,7.893.289,20.875.472
PLAVI TIM D.O.O.,ZAGREB,6203,Upravljanje računalnom opremom i sustavom,118,2.750.405,2.850.405,69.071.846
EKOBIT D.O.O.,ZAGREB,6201,Računalno programiranje,32,2.736.009,3.408.008,18.063.909
FORTIS PROJEKT D.O.O.,ZAGREB,6110,Djelatnosti žičane telekomunikacije,9,2.710.079,5.758.238,21.042.620
RO.BA.GO. D.O.O.,ZAGREB,6201,Računalno programiranje,6,2.663.455,6.551.121,7.226.211
PRINTEC CROATIA D.O.O.,ZAGREB,6120,Djelatnosti bežične telekomunikacije,71,2.639.171,27.420.459,73.976.767
ETRANET GRUPA D.O.O.,ZAGREB,6201,Računalno programiranje,36,2.620.701,5.620.701,24.557.383
LASER LINE D.O.O.,UMAG,6311,"Obrada podataka, usluge poslužitelja i djelatnosti povezane s njima",35,2.617.518,2.793.983,14.046.461
SV GROUP D.O.O.,ZAGREB,6201,Računalno programiranje,37,2.594.364,9.333.224,42.991.674
GEMICRO D.O.O.,ZAGREB,6201,Računalno programiranje,10,2.527.587,6.106.034,6.941.865
ANALYTICOM D.O.O.,SPLIT,6201,Računalno programiranje,20,2.514.312,8.514.312,12.408.515
HR PRO D.O.O.,ZAGREB,6201,Računalno programiranje,48,2.511.671,10.132.612,18.375.439
SEKOM D.O.O.,ZAGREB,6201,Računalno programiranje,15,2.509.264,10.357.296,6.783.438
ITSOFT D.O.O.,JASTREBARSKO,6201,Računalno programiranje,29,2.501.676,10.793.917,31.812.787
NO42 D.O.O.,MEDVEŠČAK,6201,Računalno programiranje,14,2.472.535,3.953.908,6.401.374
NEXGEN D.O.O.,SRAČINEC,6201,Računalno programiranje,10,2.464.346,3.508.984,8.607.255
SARTURA D.O.O.,ZAGREB,6201,Računalno programiranje,14,2.455.020,2.663.760,6.338.791
ALK D.O.O.,KOSTRENA,6201,Računalno programiranje,1,2.393.306,4.697.213,4.709.770
AG04 INNOVATIVE SOLUTIONS D.O.O.,ZAGREB,6201,Računalno programiranje,17,2.388.660,2.448.660,6.946.201
NETCOM D.O.O.,RIJEKA,6201,Računalno programiranje,28,2.301.875,2.332.175,15.864.369
RIS D.O.O.,KASTAV,6201,Računalno programiranje,28,2.290.423,6.008.770,9.350.633
MODERNE KOMUNIKACIJE D.O.O.,ZAGREB,6120,Djelatnosti bežične telekomunikacije,78,2.250.321,5.258.702,13.012.385
KONTO D.O.O.,POŽEGA,6201,Računalno programiranje,21,2.231.263,5.951.069,8.840.887
PROTOK D.O.O.,ZAGREB,6201,Računalno programiranje,11,2.225.881,7.644.906,5.188.752
KOD 22 D.O.O.,SPLIT,6201,Računalno programiranje,1,2.165.659,2.185.659,2.856.023
EVISION INFORMACIJSKI SUSTAVI D.O.O.,ZAGREB,6201,Računalno programiranje,14,2.155.319,4.790.893,12.190.964
LIBUSOFT D.O.O.,VELIKA GORICA,6311,"Obrada podataka, usluge poslužitelja i djelatnosti povezane s njima",5,2.148.979,2.171.779,4.186.917
IRATA RAČUNALA D.O.O.,ZAGREB,6202,Savjetovanje u vezi s računalima,5,2.144.021,8.043.786,2.965.853
CLAVOIP D.O.O.,RIJEKA,6190,Ostale telekomunikacijske djelatnosti,1,2.137.019,2.157.447,337.145.173
POSLOVNA INTELIGENCIJA D.O.O.,ZAGREB,6201,Računalno programiranje,91,2.135.772,11.043.515,38.279.820
CLOUDSENSE D.O.O.,ZAGREB,6201,Računalno programiranje,105,2.114.432,4.884.563,55.845.152
4TH DIMENSION D.O.O.,ZAGREB,6201,Računalno programiranje,16,2.104.625,3.775.061,7.937.442
POS SISTEMI D.O.O.,ZAGREB,6203,Upravljanje računalnom opremom i sustavom,19,2.086.108,2.206.108,8.233.247
ZG INFORMATIKA D.O.O.,SESVETE,6201,Računalno programiranje,10,2.066.142,2.088.703,6.681.065
PANOS ING D.O.O.,ZAGREB,6209,Ostale uslužne djelatnosti u vezi s informacijskom tehnologijom i računalima,1,2.062.641,5.756.465,33.149.241
ALFATEC GROUP D.O.O.,ZAGREB,6201,Računalno programiranje,27,2.057.642,5.541.804,26.661.848
LUATECH D.O.O.,ZAGREB,6201,Računalno programiranje,9,1.997.543,2.081.371,5.554.486
BIT PRODIGY D.O.O.,ZAGREB,6201,Računalno programiranje,1,1.981.797,2.001.797,2.459.450
DUPLICO D.O.O.,RAKOV POTOK,6201,Računalno programiranje,63,1.973.209,4.968.336,36.653.475
RADIKAL D.O.O.,SESVETE,6399,"Ostale informacijske uslužne djelatnosti, d. n.",3,1.959.010,2.413.621,10.581.255
NANOBIT D.O.O.,ZAGREB,6201,Računalno programiranje,72,1.955.798,34.253.270,53.745.507
MANEO CONSULTING D.O.O. ZA USLUGE,ZAGREB,6201,Računalno programiranje,2,1.912.506,3.366.473,2.891.888
CET-CUTTING EDGE TECHNOLOGIES D.O.O.,"ČAKOVEC, HRVATSKA",6201,Računalno programiranje,6,1.872.603,2.371.581,4.245.966
INFOTEL D.O.O.,ZAGREB,6201,Računalno programiranje,9,1.860.463,15.513.019,9.986.482
UBER D.O.O.,VINIŠĆE,6201,Računalno programiranje,19,1.842.577,1.862.577,9.534.463
ADACTA D.O.O.,ZAGREB,6201,Računalno programiranje,59,1.838.473,6.008.591,34.557.535
INT.SUS.I INF.TEHNOLOGIJE D.O.O.,ZAGREB,6201,Računalno programiranje,11,1.837.363,2.137.759,6.470.500
ASBISC-CR D.O.O.,ZAGREB,6201,Računalno programiranje,31,1.816.080,10.847.617,218.238.494
MICROLAB D.O.O.,ZAGREB,6201,Računalno programiranje,31,1.805.370,1.918.570,13.860.022
C TIM D.O.O.,ČAKOVEC,6201,Računalno programiranje,6,1.804.270,6.173.516,3.406.999
CENOSCO CROATIA D.O.O.,PULA,6201,Računalno programiranje,17,1.797.986,3.636.134,7.734.124
GLOBALLOGIC D.D.,PEŠČENICA,6203,Upravljanje računalnom opremom i sustavom,85,1.789.394,7.098.042,34.779.871
Q EXPERIENCE D.O.O.,ZAGREB,6110,Djelatnosti žičane telekomunikacije,10,1.761.454,1.669.061,10.676.280
CELEBES IT D.O.O.,DUBROVNIK,6201,Računalno programiranje,22,1.754.285,8.475.731,10.751.007
ION STUDIO D.O.O.,ZAGREB,6201,Računalno programiranje,8,1.743.738,2.586.566,6.537.319
OSMI BIT D.O.O,ZAGREB,6201,Računalno programiranje,22,1.743.028,2.629.747,7.722.241
CA TEHNOLOGIJE ADRIATIC D.O.O.,ZAGREB,6201,Računalno programiranje,3,1.713.321,2.499.429,7.536.309
SVAM PLUS D.O.O. ZA INFORMATIČKI INŽENJERING,ZAGREB,6201,Računalno programiranje,28,1.665.575,3.591.901,9.346.543
STATUS D.O.O.,RIJEKA,6201,Računalno programiranje,8,1.663.246,2.369.679,3.678.658
8 SIGMA D.O.O.,ZAGREB,6201,Računalno programiranje,7,1.659.416,2.171.338,2.983.507
PAKEL D.O.O.,ZADAR,6201,Računalno programiranje,12,1.649.330,6.959.410,6.010.010
AMPLEXOR ADRIATIC D.O.O.,ZAGREB,6201,Računalno programiranje,62,1.639.539,10.740.500,34.266.254
INTELLEXI D.O.O.,ZAGREB,6201,Računalno programiranje,11,1.632.350,3.048.350,5.513.038
GAUSS D.O.O.,VUKOVAR,6201,Računalno programiranje,69,1.613.639,3.106.513,11.290.415
APCOM D.O.O.,ZAGREB,6209,Ostale uslužne djelatnosti u vezi s informacijskom tehnologijom i računalima,5,1.597.384,6.647.353,12.837.607
SENSORIUM D.O.O.,MAKARSKA,6201,Računalno programiranje,1,1.594.945,1.614.944,2.029.639
IRATA D.O.O.,ZAGREB,6201,Računalno programiranje,17,1.587.685,5.877.983,9.002.630
KRON D.O.O.,SPLIT,6201,Računalno programiranje,22,1.582.936,10.371.270,7.859.331
ERSTE GROUP IT HR D.O.O.,BJELOVAR,6311,"Obrada podataka, usluge poslužitelja i djelatnosti povezane s njima",64,1.541.338,6.631.930,99.335.647
UNDABOT D.O.O.,ZAGREB,6201,Računalno programiranje,17,1.535.847,3.426.332,8.352.060
STANIĆ AUTOMATION D.O.O.,SVETI IVAN ZELINA,6201,Računalno programiranje,4,1.518.621,1.599.018,2.900.113
COMFAB D.O.O.,ZAGREB,6201,Računalno programiranje,1,1.503.677,1.335.446,1.704.639
VESTIGO D.O.O.,ZAGREB,6201,Računalno programiranje,87,1.503.261,7.860.233,28.445.536
PRO-PING D.O.O.,PITOMAČA,6120,Djelatnosti bežične telekomunikacije,13,1.501.370,2.295.438,6.776.420
TOTUS D.O.O.,ZAGREB,6201,Računalno programiranje,7,1.499.104,2.463.898,4.653.264
DABAR INFORMATIKA D.O.O.,ZAGREB,6201,Računalno programiranje,15,1.498.136,13.833.034,7.398.868
APLOS D.O.O.,ZAGREB,6201,Računalno programiranje,7,1.494.977,1.971.797,2.849.048
MEDIA BIT D.O.O.,IVANEC,6201,Računalno programiranje,1,1.477.123,4.974.312,2.984.988
KOIOS SAVJETOVANJE D.O.O.,ZAGREB,6201,Računalno programiranje,20,1.467.376,2.093.250,7.568.770
MIPS D.O.O.,ZAGREB,6201,Računalno programiranje,30,1.467.033,2.519.369,11.434.332
AXIOM D.O.O,ČAKOVEC,6201,Računalno programiranje,10,1.466.021,2.716.972,3.965.412
PROMEKS KOMPJUTER D.O.O.,ZAGREB,6201,Računalno programiranje,12,1.460.535,2.709.605,5.307.128
CALIGO PROGRAMSKA RJEŠENJA D.O.O.,SVETA NEDJELJA,6201,Računalno programiranje,0,1.451.120,1.726.343,7.961.560
KAPSCH CARRIERCOM D.O.O.,ZAGREB,6201,Računalno programiranje,40,1.418.051,22.344.267,66.065.358
COADRIA D.O.O.,RIJEKA,6201,Računalno programiranje,73,1.402.694,1.749.672,16.040.854
APPENTURE D.O.O.,VARAŽDIN,6201,Računalno programiranje,11,1.388.914,1.991.630,4.956.767
SMARTIVO TEHNOLOGIJE D.O.O.,ZAGREB,6209,Ostale uslužne djelatnosti u vezi s informacijskom tehnologijom i računalima,4,1.349.938,1.369.938,2.633.312
REVERSINGLABS D.O.O.,ZAGREB,6201,Računalno programiranje,50,1.343.243,3.599.991,26.011.232
SERENGETI D.O.O.,ZAGREB,6201,Računalno programiranje,67,1.343.213,3.088.199,20.598.316
HP PRODUKCIJA D.O.O.,ZAGREB,6311,"Obrada podataka, usluge poslužitelja i djelatnosti povezane s njima",27,1.325.992,18.771.000,32.014.562
TRIA D.O.O.,MURSKO SREDIŠĆE,6201,Računalno programiranje,4,1.320.155,1.518.241,2.898.317
PKE SISTEMI D.O.O.,ZAGREB,6201,Računalno programiranje,9,1.315.139,2.548.522,2.985.814
ELEKTROIMPEX D.O.O.,PULA,6311,"Obrada podataka, usluge poslužitelja i djelatnosti povezane s njima",45,1.308.686,6.188.839,7.262.419
TRIPLE-INOVACIJE D.O.O.,ZAGREB,6201,Računalno programiranje,6,1.303.300,1.323.300,3.666.750
ABB D.O.O.,OSIJEK,6201,Računalno programiranje,16,1.291.302,2.491.302,5.267.520
SITNI SATI D.O.O.,ZAGREB,6201,Računalno programiranje,4,1.259.900,3.982.071,2.592.043
CALISTO D.O.O.,ZAGREB,6201,Računalno programiranje,3,1.231.278,2.679.131,6.615.334
PARDUS D.O.O.,ZAGREB,6201,Računalno programiranje,10,1.223.802,1.513.443,3.796.314
INTEGRIRANI POSLOVNI SUSTAVI D.O.O.,OROSLAVJE,6201,Računalno programiranje,1,1.209.596,2.290.043,10.152.597
BILLY POS D.O.O.,ZAGREB,6201,Računalno programiranje,2,1.189.759,1.209.760,1.711.462
UNIX CENTAR D.O.O.,RIJEKA,6201,Računalno programiranje,5,1.187.157,1.287.158,2.696.329
BANKSOFT D.O.O.,ZAGREB,6201,Računalno programiranje,33,1.185.386,1.765.364,11.697.203
GDI D.O.O,ZAGREB,6201,Računalno programiranje,50,1.172.845,12.188.585,33.514.386
HUMAN RESOURCES CLOUD D.O.O.,SPLIT,6201,Računalno programiranje,41,1.160.394,5.830.216,20.081.956
IN CUBIS D.O.O.,RIJEKA,6201,Računalno programiranje,17,1.158.698,1.258.698,5.363.432
BINOM D.O.O.,ZAGREB,6201,Računalno programiranje,12,1.156.900,1.256.899,4.279.386
PRIMAT INFORMATIKA D.O.O.,HRVATSKI LESKOVAC,6201,Računalno programiranje,7,1.153.378,1.761.079,2.834.395
PENTA D.O.O.,ŠIJANA,6201,Računalno programiranje,19,1.151.410,2.311.932,7.715.147
M.I.F. COM D.O.O.,ZAGREB,6311,"Obrada podataka, usluge poslužitelja i djelatnosti povezane s njima",1,1.145.652,1.697.509,1.436.356
ARS FUTURA D.O.O.,ZAGREB,6201,Računalno programiranje,7,1.119.165,1.597.256,4.323.048
MOBERG D.O.O.,ZAGREB,6201,Računalno programiranje,13,1.104.702,2.111.720,5.467.246
NETGEN D.O.O.,ZAGREB,6201,Računalno programiranje,17,1.076.317,1.227.999,6.898.457
BIT - ART INFORMATIKA D.O.O.,SINJ,6201,Računalno programiranje,14,1.074.417,2.579.655,4.539.921
CALYX D.O.O.,ZAGREB,6201,Računalno programiranje,10,1.071.854,1.601.657,4.028.972
AHERONT D.O.O.,ZAGREB,6201,Računalno programiranje,1,1.069.232,2.892.561,2.710.152
DATALAB HR D.O.O.,ZAGREB,6190,Ostale telekomunikacijske djelatnosti,13,1.066.561,1.820.268,7.364.728
EVOLVA D.O.O.,VARAŽDIN,6202,Savjetovanje u vezi s računalima,15,1.063.947,3.550.408,4.461.472
MINUS5 D.O.O.,ZAGREB,6201,Računalno programiranje,19,1.057.486,4.234.173,8.381.952
WIM SYSTEMS D.O.O.,TRNOVEC BARTOLOVEČKI,6209,Ostale uslužne djelatnosti u vezi s informacijskom tehnologijom i računalima,0,1.045.331,1.703.147,1.928.367
SPORT-BET D.O.O.,SLAVONSKI BROD,6311,"Obrada podataka, usluge poslužitelja i djelatnosti povezane s njima",124,1.033.993,1.825.890,26.435.619
TAHOMA D.O.O.,MAKARSKA,6201,Računalno programiranje,15,1.028.081,1.048.080,7.674.716
SEVENOFNINE D.O.O.,MAKSIMIR,6201,Računalno programiranje,8,1.017.732,1.039.798,2.293.411
LAPLACIAN D.O.O.,SPLIT,6201,Računalno programiranje,9,1.014.014,1.034.014,5.994.102
2E SYSTEMS D.O.O.,ZAGREB,6201,Računalno programiranje,28,1.013.915,1.033.915,10.912.445
CEFIS D.O.O.,ZAGREB,6201,Računalno programiranje,3,1.010.832,1.030.832,2.662.306
COGNITIO ELEKTRONIKA D.O.O.,ZAGREB,6202,Savjetovanje u vezi s računalima,5,1.005.687,1.529.312,2.447.659
INFOTRIP D.O.O.,ZAGREB,6201,Računalno programiranje,12,999.923,2.968.676,3.924.075
RGO KOMUNIKACIJE D.O.O. ZA USLUGE,ZAGREB,6209,Ostale uslužne djelatnosti u vezi s informacijskom tehnologijom i računalima,7,991.709,4.139.602,3.973.595
SUPERIUS D.O.O.,PULA,6201,Računalno programiranje,5,985.73,1.005.530,6.710.961
SWING SOFTWARE D.O.O.,SPLIT,6201,Računalno programiranje,6,984.192,7.175.625,3.662.014
GENSYM D.O.O.,ZAGREB,6201,Računalno programiranje,2,981.142,2.784.843,1.372.693
ARBONA D.O.O.,ZAGREB,6201,Računalno programiranje,11,975.594,1.635.594,5.897.630
ABEST D.O.O.,ZAGREB,6201,Računalno programiranje,12,975.537,23.892.691,21.964.283
"OPTIMUS DATA, OBRT ZA INF.USLUGE, VL.MARKO ČULO",ZAGREB,6201,Računalno programiranje,3,975.154,1.069.371,1.710.209
SAAN RAČUNALA D.O.O.,VUKOVAR,6201,Računalno programiranje,6,974.159,3.675.447,3.522.484
INGEMARK D.O.O.,ZAGREB,6201,Računalno programiranje,23,972.256,3.277.996,8.408.897
UNIGENA TC D.O.O.,ZAGREB,6201,Računalno programiranje,2,971.362,1.585.352,2.144.292
LUNES ADRIA D.O.O.,JASTREBARSKO,6201,Računalno programiranje,4,969.78,990.78,2.316.974
NIKO D.O.O.,SPLIT,6311,"Obrada podataka, usluge poslužitelja i djelatnosti povezane s njima",10,969.14,2.482.811,3.885.527
PID AUTOMATIKA D.O.O.,ZAGREB,6201,Računalno programiranje,4,966.402,897.409,4.440.437
INCENDO D.O.O.,ZAGREB,6202,Savjetovanje u vezi s računalima,13,965.619,984.619,4.439.680
VERBUS IT D.O.O.,ZAGREB,6209,Ostale uslužne djelatnosti u vezi s informacijskom tehnologijom i računalima,8,963.243,949.29,9.442.609
MMK SYSTEMS D.O.O.,ZAGREB,6201,Računalno programiranje,16,938.246,1.782.373,6.041.559
INNOVATIO PROFICIT D.O.O.,SPLIT,6201,Računalno programiranje,25,935.67,1.313.719,6.625.401
IDEA STUDIO VL.BORIS BENGEZ,SAMOBOR,6201,Računalno programiranje,10,934.721,3.409.448,4.343.956
CLICO SEE D.O.O. ZA INFORMATIČKE USLUGE,ZAGREB,6201,Računalno programiranje,2,933.462,1.000.305,9.512.114
S2 INFORMACIJSKI SUSTAVI D.O.O.,SVETI IVAN ŽABNO,6201,Računalno programiranje,5,931.245,1.372.751,2.622.055
PH NEUTRAL D.O.O.,ZAGREB,6202,Savjetovanje u vezi s računalima,1,927.137,934.475,1.263.148
TELECARE D.O.O.,KERESTINEC,6120,Djelatnosti bežične telekomunikacije,8,921.519,1.887.427,7.275.042
TASK INFORMACIJSKI SUSTAVI D.O.O.,VARAŽDIN,6201,Računalno programiranje,17,917.98,1.242.468,3.912.511
GAURUS D.O.O.,ZAGREB,6201,Računalno programiranje,1,917.223,937.222,2.231.376
INFOSISTEM D.D.,ZAGREB,6202,Savjetovanje u vezi s računalima,57,900.483,6.597.960,25.841.350
HELIX D.O.O.,ZAGREB,6202,Savjetovanje u vezi s računalima,9,894.893,3.751.400,2.963.179
TELEFONVOD SERVISI D.O.O.,ZAGREB,6110,Djelatnosti žičane telekomunikacije,40,892.907,659.102,27.275.178
KONPLAST D.O.O.,NEDELIŠĆE,6201,Računalno programiranje,18,889.028,2.509.544,4.661.277
ITI COMPUTERS DEVELOPMENT D.O.O.,DUBROVNIK,6201,Računalno programiranje,18,886.808,2.104.667,9.220.711
SOFISTIKA D.O.O.,RIJEKA,6201,Računalno programiranje,10,884.279,1.255.714,3.575.586
MAVEN MULE D.O.O.,ZAGREB,6202,Savjetovanje u vezi s računalima,2,871.134,1.176.466,1.852.904
GASTROBIT-GRC GRUPA D.O.O.,DUGO SELO,6201,Računalno programiranje,33,871.13,1.171.206,10.908.278
ZAJEDNIČKI INFORMACIJSKI SUSTAVI D.O.O.,ZAGREB,6201,Računalno programiranje,6,870.381,916.508,7.057.407
ŠPICA SUSTAVI D.O.O.,ZAGREB,6202,Savjetovanje u vezi s računalima,26,861.485,5.724.188,38.549.774
KANBAN D.O.O.,ZAGREB,6201,Računalno programiranje,6,857.672,932.696,2.874.980
MULTISOFT D.O.O.,ZAGREB,6202,Savjetovanje u vezi s računalima,14,857.43,6.514.842,7.870.248
TRITONEL MULTIMEDIA D.O.O.,BESTOVJE,6209,Ostale uslužne djelatnosti u vezi s informacijskom tehnologijom i računalima,4,853.538,900.662,3.880.021
3 PRO D.O.O.,ZAGREB,6201,Računalno programiranje,10,851.212,871.211,8.261.649
234 D.O.O.,ZAGREB,6201,Računalno programiranje,4,850.76,1.005.577,4.036.243
POLITEC AUTOMATIKA D.O.O.,RIJEKA,6201,Računalno programiranje,6,849.185,869.187,2.931.954
QUALIA POSLOVNA RJEŠENJA D.O.O.,ZAGREB,6202,Savjetovanje u vezi s računalima,7,844.078,864.078,2.220.708
LAUS CC D.O.O.,DUBROVNIK,6201,Računalno programiranje,53,843.69,13.012.265,13.944.177
INFONET D.O.O.,ZAGREB,6311,"Obrada podataka, usluge poslužitelja i djelatnosti povezane s njima",1,842.174,1.827.125,2.676.242
SAD IT D.O.O.,ZAGREB,6201,Računalno programiranje,5,840.224,860.224,4.051.108
SWING INFORMATIKA D.O.O.,SPLIT,6201,Računalno programiranje,8,838.266,1.075.482,2.919.848
AKTIVA INFO D.O.O.,SAMOBOR,6201,Računalno programiranje,5,833.515,2.082.398,2.119.566
UTILIS D.O.O.,ZAGREB,6201,Računalno programiranje,9,830.768,1.275.602,2.503.625
SYNTIO D.O.O.,SREDNJACI,6201,Računalno programiranje,3,827.698,848.698,2.066.083
PEAK IT D.O.O.,ZAGREB,6201,Računalno programiranje,2,820.469,840.47,1.249.604
SKYNET TELEKOMUNIKACIJE D.O.O.,ZAGREB,6190,Ostale telekomunikacijske djelatnosti,1,818.469,993.889,7.825.664
APPLICON D.O.O.,SAMOBOR,6201,Računalno programiranje,8,818.436,1.567.833,8.162.811
SIOL D.O.O.,ZAGREB,6110,Djelatnosti žičane telekomunikacije,0,814.106,5.416.059,5.147.224
COMTECH D.O.O.,ZAGREB,6201,Računalno programiranje,1,813.43,833.43,1.404.024
QUIMERA D.O.O.,ZAGREB,6201,Računalno programiranje,2,810.833,900.833,1.285.247
CISCO SYSTEMS HRVATSKA D.O.O.,ZAGREB,6209,Ostale uslužne djelatnosti u vezi s informacijskom tehnologijom i računalima,13,810.06,29.716.162,23.388.382
DOVIKIVATI D.O.O,ZAGREB,6201,Računalno programiranje,15,807.815,13.950.910,6.236.129
NEOINFO,ZAGREB,6201,Računalno programiranje,15,807.496,1.309.951,3.947.731
INFOKOM D.O.O.,ZAGREB,6311,"Obrada podataka, usluge poslužitelja i djelatnosti povezane s njima",14,807.342,827.342,4.132.031
INTER BASIS D.O.O.,ZAGREB,6201,Računalno programiranje,4,801.789,821.788,1.262.973
BYTEPANDA D.O.O.,ZAGREB,6201,Računalno programiranje,3,801.324,822.324,1.328.666
VEGASOFT D.O.O.,IKA,6201,Računalno programiranje,8,799.779,819.779,3.399.030
GIT D.O.O.,VARAŽDIN,6209,Ostale uslužne djelatnosti u vezi s informacijskom tehnologijom i računalima,13,795.77,1.916.474,8.244.677
SILICON MASTER D.O.O.,ZAGREB,6209,Ostale uslužne djelatnosti u vezi s informacijskom tehnologijom i računalima,6,789.902,5.775.244,6.355.996
SONO IT D.O.O.,ZAGREB,6201,Računalno programiranje,10,781.398,2.501.217,3.674.724
VAL.OL. D.O.O.,TORDINCI,6209,Ostale uslužne djelatnosti u vezi s informacijskom tehnologijom i računalima,1,777.737,1.869.640,2.386.409
RI-BIT D.O.O.,RIJEKA,6201,Računalno programiranje,5,773.213,1.154.705,2.095.259
PINKDROIDS D.O.O.,ZAGREB,6201,Računalno programiranje,7,770.544,790.544,2.657.844
INSKY SOLUTIONS D.O.O.,ZAGREB,6201,Računalno programiranje,8,762.052,782.483,2.068.817
OPTIMUS LAB D.O.O.,ČAKOVEC,6201,Računalno programiranje,9,758.144,4.045.718,4.617.195
BITWERK D.O.O.,ZAGREB,6201,Računalno programiranje,2,758.067,1.390.325,1.448.839
OMNI ASPECT D.O.O.,KUTINA,6209,Ostale uslužne djelatnosti u vezi s informacijskom tehnologijom i računalima,16,753.065,1.812.265,4.507.579
AUDATEX SOUTHEAST EUROPE - PODRUŽNICA ZAGREB,ZAGREB,6202,Savjetovanje u vezi s računalima,0,751.409,751.409,1.454.805
INFOART GRUPA D.O.O.,ZAGREB,6201,Računalno programiranje,8,751.386,774.586,3.273.405
PLAVA TVORNICA D.O.O.,VIROVITICA,6201,Računalno programiranje,21,749.21,1.515.599,3.830.893
DEVLAB D.O.O.,KARLOVAC,6201,Računalno programiranje,4,743.222,764.628,1.765.515
QUALITY IN QUALITY OUT D.O.O.,PULA,6201,Računalno programiranje,10,737.132,1.966.295,5.436.780
CONTINUUM D.O.O.,ZAGREB,6201,Računalno programiranje,22,737.024,921.693,9.441.644
BVFON D.O.O.,ZAGREB,6110,Djelatnosti žičane telekomunikacije,1,735.308,755.308,3.440.530
NTH MOBILE D.O.O.,VARAŽDIN,6209,Ostale uslužne djelatnosti u vezi s informacijskom tehnologijom i računalima,100,730.095,2.543.181,39.930.067
BETA TAU BETA D.O.O.,ZAGREB,6209,Ostale uslužne djelatnosti u vezi s informacijskom tehnologijom i računalima,15,723.293,623.21,6.243.971
ITI COMPUTERS SERVICES D.O.O.,DUBROVNIK,6201,Računalno programiranje,8,711.305,732.305,1.200.005
MONOBIT SOLUTIONS D.O.O.,ZAGREB,6201,Računalno programiranje,2,705,725,1.185.585
DIVERSITAS IT SUSTAVI D.O.O.,ZAGREB,6201,Računalno programiranje,6,699.497,1.320.825,2.998.172
ADVANCE IT D.O.O.,ZAGREB,6203,Upravljanje računalnom opremom i sustavom,12,698.276,1.350.721,2.415.050
INFOSYS LIMITED PODRUŽNICA KARLOVAC ZA INFORMACIJSKE TEHNOLOGIJE,KARLOVAC,6203,Upravljanje računalnom opremom i sustavom,91,697.486,697.486,19.591.089
TELUM D.O.O.,ZADAR,6201,Računalno programiranje,6,690.454,1.704.146,5.895.570
ASTRAMEDIKA D.O.O.,ZAGREB,6201,Računalno programiranje,3,689.302,1.702.744,1.564.799
BIT ART CONSULTING D.O.O.,SPLIT,6201,Računalno programiranje,7,680.402,713.451,2.803.599
IN-CON,ZAGREB,6201,Računalno programiranje,12,677.986,2.853.756,4.823.357
AVALON D.O.O.,ĐURĐEVAC,6203,Upravljanje računalnom opremom i sustavom,14,677.648,983.608,6.292.110
DIL-93 D.O.O. ZA INFORMATIČKI INŽENJERING,ZAGREB,6201,Računalno programiranje,6,675.508,895.716,1.663.931
TEH PROJEKT OPREMA D.O.O.,RIJEKA,6311,"Obrada podataka, usluge poslužitelja i djelatnosti povezane s njima",5,669.598,910.103,1.885.631
BSS POSLOVNI SUSTAV D.O.O.,ZAGREB,6201,Računalno programiranje,5,667.591,1.250.367,2.158.711
DHH D.O.O.,PULA,6209,Ostale uslužne djelatnosti u vezi s informacijskom tehnologijom i računalima,23,662.863,2.744.171,11.840.850
INBET2 D.O.O.,ZAGREB,6201,Računalno programiranje,14,660.08,680.08,2.966.565
PERZEJ D.O.O.,ZAGREB,6201,Računalno programiranje,8,655.51,685.201,2.530.979
ENSO D.O.O.,GAREŠNICA,6201,Računalno programiranje,8,652.914,2.238.244,2.806.593
F.L.-SISTEM D.O.O.,ZAGREB,6203,Upravljanje računalnom opremom i sustavom,11,650.996,1.421.450,5.677.354
SOFTLAB D.O.O.,VARAŽDIN,6201,Računalno programiranje,2,647.729,667.73,1.706.860
CONMAR D.O.O.,SPLIT,6201,Računalno programiranje,9,642.082,800.101,3.395.854
TECHED SAVJETODAVNE USLUGE D.O.O.,ZAGREB,6202,Savjetovanje u vezi s računalima,31,639.778,2.984.575,17.943.246
RI-ING NET D.O.O.,RIJEKA,6201,Računalno programiranje,7,631.196,1.632.897,3.560.756
RB TEHNIKA D.O.O.,ČAKOVEC,6201,Računalno programiranje,14,631.031,1.647.091,3.314.006
LOGNET D.O.O.,ZAGREB,6201,Računalno programiranje,5,630.968,2.401.401,2.078.716
INVESTI D.O.O.,ZAGREB,6201,Računalno programiranje,2,626.011,1.038.047,1.430.684
KROKODIL ITS D.O.O.,ZAGREB,6201,Računalno programiranje,6,621.436,956.477,1.452.949
INFODESIGN D.O.O.,VARAŽDIN,6201,Računalno programiranje,17,616.987,3.834.217,10.226.482
STRATUS INFORMACIJSKE TEHNOLOGIJE D.O.O,ZAGREB,6201,Računalno programiranje,11,613.954,1.246.780,2.972.111
DVA TJEDNA D.O.O.,ZAGREB,6201,Računalno programiranje,1,613.549,2.112.636,1.204.798
I.P.T. D.O.O.,ZAGREB,6201,Računalno programiranje,10,609.572,747.466,14.654.704
MARSHALLING D.O.O.,LUDBREG,6201,Računalno programiranje,0,606.932,636.119,1.643.477
MER SYSTEMS D.O.O.,SPLIT,6201,Računalno programiranje,4,606.385,2.118.061,1.916.083
HOLOBIT D.O.O.,DUBROVNIK,6201,Računalno programiranje,8,604.554,850.364,3.180.697
MANGONEL D.O.O.,ZAGREB,6202,Savjetovanje u vezi s računalima,8,601.864,2.497.405,2.988.339
ADURO IDEJA D.O.O.,ZAGREB,6201,Računalno programiranje,18,600.738,1.053.820,4.393.645
MERITUM SOFT D.O.O.,VARAŽDIN,6201,Računalno programiranje,9,599.935,1.529.296,2.282.243
TETRA NAVIS D.O.O.,ZAGREB,6201,Računalno programiranje,2,596.587,1.645.565,3.984.937
INTERCORONA D.O.O.,ZAGREB,6201,Računalno programiranje,18,586.696,2.044.702,4.855.897
TREBAM D.O.O.,SINJ,6202,Savjetovanje u vezi s računalima,5,577.476,757.465,2.527.240
MREŽE I KOMUNIKACIJE D.O.O.,ZAGREB,6110,Djelatnosti žičane telekomunikacije,12,577.209,3.044.027,2.985.832
ARTKOD D.O.O.,ZAGREB,6201,Računalno programiranje,3,563.965,582.206,1.264.703
CADCAM DESIGN CENTAR D.O.O.,ZAGREB,6201,Računalno programiranje,19,560.816,2.741.243,21.673.059
POS D.O.O.,SPLIT,6201,Računalno programiranje,9,558.312,790.414,2.829.331
NIT-NET D.O.O.,ZAGREB,6110,Djelatnosti žičane telekomunikacije,9,558.01,1.027.845,2.268.326
SMART NET D.O.O.,ZAGREB,6209,Ostale uslužne djelatnosti u vezi s informacijskom tehnologijom i računalima,8,555.849,1.181.282,12.325.987
SMART VIEW D.O.O.,ZAGREB,6201,Računalno programiranje,1,555.157,2.421.421,1.330.113
TVORNICA IDEJA D.O.O.,ZAGREB,6201,Računalno programiranje,3,550.736,571.736,1.646.061
M3T PROJEKT D.O.O.,ZAGREB,6209,Ostale uslužne djelatnosti u vezi s informacijskom tehnologijom i računalima,2,547.71,1.158.535,1.661.566
VISAGE TECHNOLOGIES D.O.O.,ZAGREB,6201,Računalno programiranje,30,546.534,574.193,9.858.864
AKTON D.O.O.,ZAGREB,6110,Djelatnosti žičane telekomunikacije,6,546.462,1.480.100,14.618.403
FERIA PROJEKT D.O.O.,SPLIT,6201,Računalno programiranje,5,545.142,569.142,3.546.692
KRAKEN D.O.O.,ČAKOVEC,6201,Računalno programiranje,12,544.161,1.003.901,2.481.487
VIRTUALIS VIRTUALNI SUSTAVI D.O.O.,ZAGREB,6202,Savjetovanje u vezi s računalima,1,543.246,678.004,1.191.539
HOLOSYS D.O.O.,ZAGREB,6209,Ostale uslužne djelatnosti u vezi s informacijskom tehnologijom i računalima,16,537.617,3.600.999,5.929.882
INTERACTIVE 1 D.O.O.,ZAGREB,6201,Računalno programiranje,10,533.465,861.732,3.198.410
MCS D.O.O.,STRAHONINEC,6311,"Obrada podataka, usluge poslužitelja i djelatnosti povezane s njima",16,530.26,3.203.655,3.325.067
GALO INDUSTRIES J.D.O.O.,ZADAR,6202,Savjetovanje u vezi s računalima,0,522.686,559.072,2.630.481
TRILIX D.O.O.,ZAGREB,6201,Računalno programiranje,21,522.586,4.800.543,9.120.279
OSINIUM D.O.O.,MOKOŠICA,6201,Računalno programiranje,2,518.926,2.445.207,1.216.377
BARRAGE D.O.O.,OSIJEK,6201,Računalno programiranje,28,517.024,540.176,6.236.446
STATIM D.O.O.,SPLIT,6201,Računalno programiranje,136,515.919,4.383.234,20.288.587
UNIQCAST D.O.O. ZA USLUGE,ZAGREB,6201,Računalno programiranje,10,512.985,961.464,6.599.025
MAŠINERIJA D.O.O.,PRIGORJE BRDOVEČKO,6201,Računalno programiranje,7,511.579,1.585.134,2.118.850
MUNICIPAL D.O.O.,ĐAKOVO,6201,Računalno programiranje,8,507.356,883.669,1.740.640
EMPORIA D.O.O.,ZADAR,6209,Ostale uslužne djelatnosti u vezi s informacijskom tehnologijom i računalima,5,506.661,2.885.899,1.757.330
POMIČNI ZAREZ D.O.O.,ZAGREB,6201,Računalno programiranje,8,505.691,526.691,1.726.307
ADRIA NET D.O.O.,VODICE,6201,Računalno programiranje,5,505.557,774.252,1.743.584
AERIS IT D.O.O. ZA INFORMATIČKE USLUGE,OSIJEK,6201,Računalno programiranje,2,505.315,992.143,1.916.073
PROTIS D.O.O.,SISAK,6201,Računalno programiranje,11,504.187,2.024.765,31.112.691
ZAGREB DATA D.O.O.,ZAGREB,6201,Računalno programiranje,19,503.07,1.573.545,7.120.281
INFRANET RAZVOJ D.O.O.,ZAGREB,6201,Računalno programiranje,6,502.922,1.080.598,1.920.980
M.A.I. TRADE D.O.O.,RIJEKA,6203,Upravljanje računalnom opremom i sustavom,21,497.689,1.110.273,15.472.476
PSEUDOCODE D.O.O.,SPLIT,6201,Računalno programiranje,3,495.736,710.024,1.782.975
REALNETWORKS D.O.O.,ZAGREB,6201,Računalno programiranje,16,495.625,5.132.582,9.415.163
DEDAL KOMUNIKACIJE D.O.O.,ZAGREB,6201,Računalno programiranje,12,494.042,2.191.072,3.885.569
ENEL SPLIT D.O.O.,SPLIT,6201,Računalno programiranje,27,491.956,4.510.722,9.326.241
FUTURA INFORMATIČKA TEHNOLOGIJA D.O.O.,PRIGORJE BRDOVEČKO,6202,Savjetovanje u vezi s računalima,3,491.179,1.209.272,13.826.689
TEHNO NEBULA D.O.O.,ZVECAJ,6201,Računalno programiranje,1,491.051,511.051,1.501.692
EXCEL COMPUTERS D.O.O.,OSIJEK,6201,Računalno programiranje,10,487.506,1.676.116,2.838.817
PINE STUDIO D.O.O.,SAMOBOR,6201,Računalno programiranje,6,485.568,512.368,1.231.663
AVAYA D.O.O.,ZAGREB,6201,Računalno programiranje,8,481.616,12.112.311,26.691.194
Q ALIJANSA D.O.O.,ZAGREB,6201,Računalno programiranje,14,479.334,655.734,15.334.437
XIPHIAS D.O.O.,VARAŽDIN,6201,Računalno programiranje,10,478.757,498.757,2.985.548
CRIONIS D.O.O.,DONJI MIHOLJAC,6201,Računalno programiranje,15,478.134,660.084,2.538.365
ININ INFORMATIČKI INŽENJERNIG D.O.O.,SLAVONSKI BROD,6201,Računalno programiranje,15,477.516,3.409.339,3.841.391
INTERSOFT D.O.O.,ČAKOVEC,6201,Računalno programiranje,8,476.279,1.599.335,2.584.763
INTERNET PROTOKOL KOMUNIKACIJE D.O.O.,ZAGREB,6110,Djelatnosti žičane telekomunikacije,2,466.401,1.232.118,3.523.083
ED BOREL D.O.O.,ZAGREB,6201,Računalno programiranje,7,463.72,586.379,2.514.911
PROTOTYP D.O.O.,OSIJEK,6201,Računalno programiranje,5,461.883,481.883,1.722.106
SPORT DATA SERVICE D.O.O.,SLAVONSKI BROD,6311,"Obrada podataka, usluge poslužitelja i djelatnosti povezane s njima",20,460.729,869.743,3.850.682
INFONOMICA D.O.O.,ZAGREB,6202,Savjetovanje u vezi s računalima,6,459.987,949.699,2.138.622
AVNET D.O.O.,RIJEKA,6202,Savjetovanje u vezi s računalima,15,459.012,522.419,5.172.034
UHP DIGITAL D.O.O,TENJA,6201,Računalno programiranje,12,458.981,525.962,2.726.480
SYNNEFO SUSTAVI D.O.O.,ZAGREB,6203,Upravljanje računalnom opremom i sustavom,3,457.416,757.143,3.146.696
SL SOLUCIJE D.O.O.,ZAGREB,6209,Ostale uslužne djelatnosti u vezi s informacijskom tehnologijom i računalima,11,450.477,1.288.021,17.485.011
POINTER D.O.O.,ZAGREB,6201,Računalno programiranje,6,447.906,970.001,10.053.436
MARATELA MREŽE D.O.O.,LONJICA,6110,Djelatnosti žičane telekomunikacije,1,447.845,467.845,13.566.892
TOUCH NETWORKS EUROPE D.O.O.,RIJEKA,6202,Savjetovanje u vezi s računalima,8,447.754,506.193,4.632.958
4APP SOLUTION D.O.O.,ZAGREB,6201,Računalno programiranje,4,447.488,821.608,1.720.555
ADRIA NORMA D.O.O.,ZAGREB,6311,"Obrada podataka, usluge poslužitelja i djelatnosti povezane s njima",3,441.7,698.539,2.950.013
FORTIUS INFO D.O.O.,VOLTINO,6201,Računalno programiranje,9,441.268,461.268,2.735.699
EURO-TERA D.O.O.,ZAGREB,6201,Računalno programiranje,6,437.064,2.472.244,2.273.434
LOOP J.D.O.O.,KAŠTEL LUKŠIĆ,6201,Računalno programiranje,6,427.557,879.032,1.765.426
E. STUDIO D.O.O.,PULA,6202,Savjetovanje u vezi s računalima,15,424.987,1.323.662,2.933.392
BLAZING EDGE D.O.O.,SPLIT,6201,Računalno programiranje,9,423.701,472.912,2.462.142
MOMENTUM D.O.O.,POREČ,6202,Savjetovanje u vezi s računalima,0,423.128,478.965,1.283.979
MICRONIC,SPLIT,6201,Računalno programiranje,14,421.679,5.106.628,4.263.397
HANDS ON SERVER SUPPORT D.O.O.,ZAGREB,6311,"Obrada podataka, usluge poslužitelja i djelatnosti povezane s njima",68,421.631,518.239,10.984.593
KABEL KANAL D.O.O.,KASTAV,6110,Djelatnosti žičane telekomunikacije,6,418.883,493.204,2.449.658
EMC COMPUTER SYSTEMS AUSTRIA GMBH-PODRUŽNICA ZAGREB,ZAGREB,6202,Savjetovanje u vezi s računalima,6,418.644,1.457.168,11.953.991
P.B. POSLOVNI MEDIJI D.O.O.,SPLIT,6201,Računalno programiranje,3,418.588,438.588,4.495.626
MARKER D.O.O.,VARAŽDIN,6201,Računalno programiranje,13,418.418,575.997,3.471.126
ACQUISITUM MAGNUM D.O.O.,ZAGREB,6201,Računalno programiranje,12,418.385,3.439.038,45.658.219
SUNA D.O.O.,ZAGREB,6201,Računalno programiranje,2,416.933,491.891,1.467.001
ERIS D.O.O.,VIŠKOVO,6201,Računalno programiranje,5,416.415,420.66,3.865.109
PHOTOMATH D.O.O.,ZAGREB,6201,Računalno programiranje,16,415.526,556.31,6.097.800
Q CODE IT D.O.O,ZAGREB,6201,Računalno programiranje,4,413.349,1.447.791,1.493.868
ENVOX LAB D.O.O.,ZAGREB,6201,Računalno programiranje,24,410.28,2.081.231,11.672.222
LINIJA KODA D.O.O.,ZAGREB,6201,Računalno programiranje,3,408.585,578.702,1.345.244
COMPLIANT RISK TECHNOLOGY D.O.O.,ZAGREB,6201,Računalno programiranje,2,397.9,1.727.900,1.654.339
WEB STUDIO D.O.O.,RIJEKA,6201,Računalno programiranje,10,396.215,830.904,2.449.051
ADRIA SCAN D.O.O.,"KERESTINEC, SVETA NEDELJA",6201,Računalno programiranje,21,395.201,1.471.859,8.246.506
AGILNA TVRTKA D.O.O.,SPLIT,6201,Računalno programiranje,7,393.795,937.826,2.086.901
INTEGRATOR D.O.O.,DUBROVNIK,6201,Računalno programiranje,8,387.231,599.301,2.297.076
ISTRA TECH D.O.O.,PULA,6201,Računalno programiranje,22,386.108,4.280.022,8.616.431
BALDINISTUDIO D.O.O.,ZAGREB,6209,Ostale uslužne djelatnosti u vezi s informacijskom tehnologijom i računalima,4,385.812,600.95,4.156.230
VACUUM D.O.O.,ZAGREB,6201,Računalno programiranje,4,385.657,700.003,1.527.187
NOVATEC D.O.O.,LABIN,6201,Računalno programiranje,29,384.784,958.485,8.652.374
DARGO POSLOVNA RJEŠENJA D.O.O.,ZAGREB,6201,Računalno programiranje,2,383.439,579.692,2.245.620
SOCIUS D.O.O.,SPLIT,6202,Savjetovanje u vezi s računalima,9,381.067,1.502.317,2.694.660
CRATIS D.O.O.,VARAŽDINSKE TOPLICE,6311,"Obrada podataka, usluge poslužitelja i djelatnosti povezane s njima",9,378.834,579.974,3.874.158
KLISING D.O.O.,ZAGREB,6201,Računalno programiranje,11,376.628,2.018.108,2.787.978
OPTIMIT D.O.O.,ZAGREB,6201,Računalno programiranje,16,367.388,2.091.547,5.752.355
S.D. INFORMATIKA D.O.O.,VELIKA GORICA,6201,Računalno programiranje,11,366.671,2.298.210,7.306.416
PRIM D.O.O.,KARLOVAC,6202,Savjetovanje u vezi s računalima,10,364.848,1.060.254,1.653.512
HEP TELEKOMUNIKACIJE D.O.O.,ZAGREB,6110,Djelatnosti žičane telekomunikacije,34,363.687,309.808.271,112.813.193
MAGIC NET D.O.O.,LUDBREG,6110,Djelatnosti žičane telekomunikacije,14,359.673,1.243.838,6.354.268
BIOINFO J.D.O.O.,ZAGREB,6201,Računalno programiranje,2,357.589,489.081,2.848.245
INOVATIVNI TRENDOVI D.O.O.,ZAGREB,6201,Računalno programiranje,5,355.305,1.071.761,1.782.294
INEO D.O.O.,ČAKOVEC,6201,Računalno programiranje,4,350.964,1.180.381,1.746.027
SEDMI ODJEL D.O.O.,ZAGREB,6202,Savjetovanje u vezi s računalima,23,350.473,2.906.553,11.876.569
ATOS IT SOLUTIONS AND SERVICES D.O.O.,ZAGREB,6203,Upravljanje računalnom opremom i sustavom,93,346.134,5.330.752,125.044.745
ELIT - STRUCTO D.O.O.,ZAGREB,6209,Ostale uslužne djelatnosti u vezi s informacijskom tehnologijom i računalima,13,345.24,561.594,9.969.328
SMARTIS D.O.O,ZAGREB,6203,Upravljanje računalnom opremom i sustavom,4,344.904,853.372,6.819.836
EVOLUO D.O.O.,ZAGREB,6201,Računalno programiranje,6,344.557,436.74,1.349.256
STUDIO HS INTERNET D.O.O.,OSIJEK,6209,Ostale uslužne djelatnosti u vezi s informacijskom tehnologijom i računalima,5,341.903,1.173.306,2.569.563
ZERAXO D.O.O.,ZAGREB,6201,Računalno programiranje,8,341.464,610.625,4.779.828
WEB MARKETING D.O.O.,ZAGREB,6201,Računalno programiranje,10,339.422,1.411.155,2.720.691
LUCIANTE D.O.O.,SAMOBOR,6202,Savjetovanje u vezi s računalima,4,333.659,978.752,1.312.788
PROSPEKT D.O.O.,RIJEKA,6201,Računalno programiranje,8,330.065,554.495,1.870.838
TIS-GRUPA TELEMATIČKI INŽENJERING I SOFTWARE D.O.O.,ZAGREB,6201,Računalno programiranje,9,329.699,8.851.610,2.822.752
MCS GRUPA D.O.O.,ZAGREB,6202,Savjetovanje u vezi s računalima,37,328.799,3.115.154,9.857.388
ESKA D.O.O.,ZAGREB,6201,Računalno programiranje,9,326.822,743.556,2.957.050
TRAF SIGNAL D.O.O.,ZAGREB,6201,Računalno programiranje,2,325.506,857.564,2.077.654
GEOGIS D.O.O.,ZAGREB,6203,Upravljanje računalnom opremom i sustavom,3,324.605,1.205.050,1.449.285
PERFEKTA D.O.O.,DUBRAVA,6201,Računalno programiranje,5,317.62,479.858,1.809.150
NOMEN D.O.O.,RIJEKA,6201,Računalno programiranje,7,311.494,1.220.155,2.567.545
CROSSVALLIA D.O.O.,ZAGREB,6201,Računalno programiranje,42,309.633,1.227.014,15.961.333
ENTERWELL D.O.O.,ZAGREB,6201,Računalno programiranje,6,309.309,577.717,1.747.878
BLINK D.O.O.,ZAGREB,6201,Računalno programiranje,22,308.668,1.079.081,11.545.759
DS&S D.O.O.,PULA,6203,Upravljanje računalnom opremom i sustavom,4,308.166,593.847,1.403.557
CAMTEH D.O.O.,RIJEKA,6209,Ostale uslužne djelatnosti u vezi s informacijskom tehnologijom i računalima,0,303.327,604.908,1.250.304
JADRAN - INFORMATIKA D.O.O.,RIJEKA,6201,Računalno programiranje,18,302.235,4.084.333,6.947.809
BITNET D.O.O.,ZAGREB,6209,Ostale uslužne djelatnosti u vezi s informacijskom tehnologijom i računalima,5,302.026,899.142,3.434.104
AGENOR AUTOMATIKA D.O.O.,POREČ,6201,Računalno programiranje,22,301.368,2.972.968,8.381.702
ZAŠTITNI KOD D.O.O.,KONJŠČINA,6201,Računalno programiranje,3,297.534,965.881,1.771.623
URBANI RITAM D.O.O.,ZAGREB,6311,"Obrada podataka, usluge poslužitelja i djelatnosti povezane s njima",7,297.014,1.722.623,4.310.325
EL-KOM M.B.I. D.O.O.,RIJEKA,6190,Ostale telekomunikacijske djelatnosti,5,296.354,614.926,1.721.359
ILI NET D.O.O.,ZAGREB,6201,Računalno programiranje,6,296.041,913.903,4.811.345
TIS - OBJEKTNI INFORMACIJSKI SUSTAVI D.O.O.,ZAGREB,6201,Računalno programiranje,76,292.659,10.403.284,24.088.422
GENESIS D.O.O.,RIJEKA,6209,Ostale uslužne djelatnosti u vezi s informacijskom tehnologijom i računalima,5,292.603,689.125,9.090.634
PORTABILE D.O.O.,ŠIBENIK,6190,Ostale telekomunikacijske djelatnosti,10,291.347,877.54,5.267.445
ELEKTRONIKA PERHOČ D.O.O.,LUČKO,6201,Računalno programiranje,16,291.146,2.096.615,4.233.688
LOGIN SUSTAVI D.O.O.,RIJEKA,6202,Savjetovanje u vezi s računalima,4,287.576,1.217.406,2.354.753
KODELAB SOLUTIONS D.O.O.,ZAGREB,6201,Računalno programiranje,3,286.605,415.871,1.657.933
INPRO D.O.O.,ČAKOVEC,6201,Računalno programiranje,12,283.126,1.096.096,3.912.324
CONNECTA INFO D.O.O.,ZAGREB,6201,Računalno programiranje,3,280.998,543.504,2.380.414
BROADSTREAM SOLUTIONS D.O.O. ZA PROIZVODNJU SOFTVERA,ZAGREB,6201,Računalno programiranje,0,275.683,1.251.837,8.627.401
"VATEL D.O.O. ZA TELEKOMUNIKACIJE, ELEKTRONIKU I USLUGE",SPLIT,6110,Djelatnosti žičane telekomunikacije,10,274.658,1.134.742,7.986.248
KRK SISTEMI D.O.O.,RIJEKA,6120,Djelatnosti bežične telekomunikacije,2,274.568,753.94,1.383.910
ITCR D.O.O.,ZAGREB,6201,Računalno programiranje,3,272.103,1.025.954,5.088.308
INTENDA NET D.O.O.,ZAGREB,6201,Računalno programiranje,12,271.569,1.656.120,4.705.976
TRANSLATION EXPERTS HRVATSKA D.O.O.,ZAGREB,6201,Računalno programiranje,9,270.098,935.376,1.401.308
INTERBIT D.O.O.,LEPOGLAVA,6201,Računalno programiranje,1,268.665,3.522.842,1.189.805
AMODO D.O.O.,ZAGREB,6201,Računalno programiranje,10,263.937,3.769.486,6.083.094
FIVE BY FIVE D.O.O.,ZAGREB,6201,Računalno programiranje,4,263.739,659.454,2.503.068
REDKNEE ZAGREB D.O.O.,ZAGREB,6203,Upravljanje računalnom opremom i sustavom,29,261.27,1.352.626,18.468.495
FOTON D.O.O.,PREGRADA,6201,Računalno programiranje,3,258.775,609.498,1.373.157
STUDIO DJETELINA D.O.O.,ZAGREB,6201,Računalno programiranje,13,255.664,547.084,3.579.254
PERPETUUM MOBILE D.O.O.,ZAGREB,6201,Računalno programiranje,25,254.329,2.387.354,39.319.592
PAKOM D.O.O.,PULA,6201,Računalno programiranje,9,253.435,677.041,2.524.804
ISTRACOM D.O.O.,PULA,6110,Djelatnosti žičane telekomunikacije,7,252.518,962.621,4.833.347
CAIR CENTAR D.O.O.,ZAGREB,6209,Ostale uslužne djelatnosti u vezi s informacijskom tehnologijom i računalima,2,251.346,784.274,1.230.182
HARD JURA D.O.O.,BJELOVAR,6201,Računalno programiranje,10,246.679,943.294,8.848.152
EMIR REDŽEPOVIĆ,ZAGREB,6190,Ostale telekomunikacijske djelatnosti,1,245.442,695.937,1.261.767
CENTRUS TIM D.O.O.,ZAGREB,6120,Djelatnosti bežične telekomunikacije,37,242.523,1.194.585,14.744.428
EDC D.O.O.,ZAGREB,6201,Računalno programiranje,10,241.98,2.684.644,6.732.274
SOAR D.O.O.,ZAGREB,6209,Ostale uslužne djelatnosti u vezi s informacijskom tehnologijom i računalima,20,240.885,1.064.762,4.062.362
JADRIJA D.O.O.,ZAGREB,6201,Računalno programiranje,5,240.227,1.216.864,5.089.225
SIGNUM TELEKOMUNIKACIJE D.O.O.,ZAGREB,6190,Ostale telekomunikacijske djelatnosti,8,240.119,1.468.370,2.162.319
CINNAMON D.O.O,ZAGREB,6201,Računalno programiranje,12,239.853,573.572,1.824.200
SOFTWARE AUTOMATION CONCEPTS D.O.O.,JALKOVEC,6201,Računalno programiranje,11,239.641,1.006.525,4.364.186
SENTER GRUPA D.O.O.,ZAGREB,6190,Ostale telekomunikacijske djelatnosti,0,237.277,2.357.119,2.312.508
UNIPLUS D.O.O.,ČAKOVEC,6209,Ostale uslužne djelatnosti u vezi s informacijskom tehnologijom i računalima,10,234.314,1.177.228,4.136.932
IPC D.O.O.,ČAKOVEC,6201,Računalno programiranje,13,231.677,755.443,24.029.395
CA INTERNET D.O.O.,ZAGREB,6209,Ostale uslužne djelatnosti u vezi s informacijskom tehnologijom i računalima,4,230.889,503.253,2.771.298
CENTAR MREŽNIH TEHNOLOGIJA D.O.O.,ZAGREB,6202,Savjetovanje u vezi s računalima,1,229.729,423.896,1.468.660
BRUNCIN D.O.O.,ZAGREB,6202,Savjetovanje u vezi s računalima,6,227.478,651.574,2.989.001
MIB SIGURNOSNI INFORMATIČKI SUSTAVI D.O.O.,PETRINJA,6202,Savjetovanje u vezi s računalima,5,223.814,1.983.575,5.816.123
SP SISTEMI D.O.O.,ZAGREB,6202,Savjetovanje u vezi s računalima,12,220.319,1.113.813,18.523.944
ANTENA PROJEKT D.O.O.,KUTINA,6130,Djelatnosti satelitske telekomunikacije,8,214.047,875.855,2.281.220
HEXIS J.D.O.O.,RIJEKA,6201,Računalno programiranje,15,213.906,687.972,3.172.544
MILENIJ D.O.O.,ČAKOVEC,6201,Računalno programiranje,2,213.692,760.632,1.365.134
VIA TEL D.O.O.,ZAGREB,6120,Djelatnosti bežične telekomunikacije,7,212.53,9.969.179,5.319.189
M-ROS D.O.O.,ZAGREB,6201,Računalno programiranje,2,210.279,2.025.537,1.959.235
FIDENS ALARM D.O.O.,ZAGREB,6201,Računalno programiranje,7,206.641,524.478,2.004.833
X MEDIA D.O.O.,IVANEC,6201,Računalno programiranje,8,204.687,1.238.377,1.228.271
RAGUSA TELEKOM D.O.O.,DUBROVNIK,6209,Ostale uslužne djelatnosti u vezi s informacijskom tehnologijom i računalima,4,201.797,2.443.469,2.579.080
MITECH SZSTEMS SEE D.O.O.,ZAGREB,6201,Računalno programiranje,5,200.295,718.344,6.152.548
VITAM AGERE D.O.O.,SPLIT,6201,Računalno programiranje,3,199.878,810.349,4.273.956
NET PLUS D.O.O.,VARAŽDIN,6201,Računalno programiranje,6,197.796,827.38,1.412.076
DIGITAL MEDIA D.O.O.,ŠENKOVEC,6201,Računalno programiranje,3,195.328,598.215,2.000.338
TEHNO SISTEM D.O.O.,ZADAR,6202,Savjetovanje u vezi s računalima,5,193.034,447.028,2.235.733
DATABOX D.O.O.,ZAGREB,6311,"Obrada podataka, usluge poslužitelja i djelatnosti povezane s njima",8,192.595,662.722,5.614.435
FORMEL D.O.O.,ZAGREB,6201,Računalno programiranje,2,192.483,2.975.267,2.215.727
C.T.S. D.O.O.,RIJEKA,6201,Računalno programiranje,4,189.703,984.054,2.338.660
MIT SOFTWARE D.O.O.,ZAGREB,6201,Računalno programiranje,14,188.735,1.538.342,4.850.689
SKILJA GMBH - PODRUŽNICA U REPUBLICI HRVATSKOJ,NOVIGRAD,6201,Računalno programiranje,8,188.39,750.814,2.684.074
ORBIS D.O.O.,VARAŽDIN,6201,Računalno programiranje,5,186.85,2.336.857,2.945.724
GEEK PROCESS D.O.O.,MAKARSKA,6202,Savjetovanje u vezi s računalima,4,186.214,636.031,2.689.542
INTER SOLUTIO D.O.O.,ZAGREB,6202,Savjetovanje u vezi s računalima,15,182.068,491.7,9.118.325
TELEMONT D.O.O.,DEKANOVEC,6110,Djelatnosti žičane telekomunikacije,17,182.054,1.249.422,1.675.773
TELEMONT D.O.O.,DEKANOVEC,6110,Djelatnosti žičane telekomunikacije,17,182.054,1.249.422,3.506.822
AETHER-SIGNUM D.O.O.,VRBOVEC,6201,Računalno programiranje,4,181.99,433.78,1.488.676
NUCLEUS D.O.O.,ZAGREB,6201,Računalno programiranje,10,181.851,3.727.978,4.505.639
VIDI-TO D.O.O.,ZAGREB,6209,Ostale uslužne djelatnosti u vezi s informacijskom tehnologijom i računalima,9,179.834,1.840.226,13.702.283
BUNCH D.O.O.,ZAGREB,6201,Računalno programiranje,3,179.744,694.696,2.323.020
NITELD.O.O.,ZAGREB,6209,Ostale uslužne djelatnosti u vezi s informacijskom tehnologijom i računalima,14,179.363,675.581,6.644.242
OPSTANAK D.O.O.,SPLIT,6201,Računalno programiranje,9,175.555,579.128,6.520.419
TELEOPTIKA D.O.O.,"VUKOVAR,32010",6190,Ostale telekomunikacijske djelatnosti,14,175.082,1.708.660,2.251.142
MEĐUNARODNA AGENCIJA ZA RAZVOJ D.O.O.,VARAŽDIN,6201,Računalno programiranje,7,171.867,446.596,1.881.876
MALA LUNA D.O.O.,SOLIN,6190,Ostale telekomunikacijske djelatnosti,12,171.414,2.046.220,4.186.809
GDI GRUPA D.O.O.,ZAGREB,6201,Računalno programiranje,1,170.391,11.022.394,3.905.940
TEHNIČAR-COPYSERVIS D.O.O.,ZAGREB,6203,Upravljanje računalnom opremom i sustavom,30,169.564,3.797.262,11.287.723
SISNET D.O.O.,NOVI ZAGREB,6202,Savjetovanje u vezi s računalima,6,168.137,690.423,4.275.878
PRIOR INŽENJERING D.O.O.,ZAGREB,6201,Računalno programiranje,12,167.149,2.332.784,9.248.576
STOTZ MEHATRONIKA D.O.O.,SVETA NEDELJA,6201,Računalno programiranje,5,164.047,2.873.395,4.186.459
JADRO-TRGOVINA D.D.,SOLIN,6203,Upravljanje računalnom opremom i sustavom,2,163.64,7.023.298,3.655.220
SGM INFORMATIKA D.O.O.,SPLIT,6202,Savjetovanje u vezi s računalima,5,162.038,772.745,6.015.845
INFOSIT D.O.O.,POREČ,6201,Računalno programiranje,12,160.777,758.44,4.593.468
COMENG D.O.O.,SOLIN,6201,Računalno programiranje,3,159.863,1.532.655,3.512.888
IMPADDO D.O.O.,MASLENICA,6201,Računalno programiranje,3,159.533,3.283.761,2.288.628
MEDIA RAČUNALA D.O.O.,ZAGREB,6209,Ostale uslužne djelatnosti u vezi s informacijskom tehnologijom i računalima,7,158.97,553.427,12.939.765
PROGRAMSKA KUĆA D.O.O.,ZAGREB,6201,Računalno programiranje,6,156.373,590.549,1.507.269
VIVA INFO D.O.O.,ZAGREB,6201,Računalno programiranje,7,155.461,1.337.050,1.779.805
